Step,Time,Datetime,a,e,i,RAAN,aop,ta,Eclipse_status_Earth,Eclipse_status_Moon
0,790149669.1843239,2025-01-14 18:00:00+00:00,42190.64650510271,0.00041005566107413385,1.3599592201475865,257.29404479272654,73.2214149307871,17.6375870462313,0,0
1,790150669.1843239,2025-01-14 18:16:40+00:00,42190.47909112052,0.0004048428917613612,1.359962762733229,257.29112458581585,73.62310525406126,21.416118130699473,0,0
2,790151669.1843239,2025-01-14 18:33:19.999999+00:00,42190.31323784579,0.0003993801055731605,1.3599707549343092,257.28842206470483,74.01797769428823,25.201151292149667,0,0
3,790152669.1843239,2025-01-14 18:49:59.999999+00:00,42190.152094798446,0.0003937239549981701,1.3599824015269182,257.2859614141617,74.4072047264294,28.99147650658336,0,0
4,790153669.1843239,2025-01-14 19:06:39.999999+00:00,42189.99875579903,0.00038792799386752494,1.3599968297786915,257.28376229080453,74.7929311016512,32.784917042566356,0,0
5,790154669.1843239,2025-01-14 19:23:19.999998+00:00,42189.85620566294,0.0003820413603218204,1.360013103647915,257.28183939902004,75.17821635634965,36.578387427225096,0,0
6,790155669.1843239,2025-01-14 19:39:59.999998+00:00,42189.72726771954,0.0003761076682123798,1.3600302393116694,257.28020214076105,75.5669340458584,40.3679945998686,0,0
7,790156669.1843239,2025-01-14 19:56:39.999998+00:00,42189.61455285086,0.0003701641580597287,1.3600472218307753,257.2788543461435,75.96362617731465,44.14918377191539,0,0
8,790157669.1843239,2025-01-14 20:13:19.999997+00:00,42189.52041074105,0.000364241148819898,1.360063022757422,257.27779409113543,76.3733141335054,47.916927695281515,0,0
9,790158669.1843239,2025-01-14 20:29:59.999997+00:00,42189.446884028366,0.0003583618178854989,1.3600766184604292,257.2770136079736,76.8012704965548,51.665954925196814,0,0
10,790159669.1843239,2025-01-14 20:46:39.999997+00:00,42189.395666052485,0.0003525423196795158,1.360087008932851,257.2764992932486,77.25275921941842,55.391009625187806,0,0
11,790160669.1843239,2025-01-14 21:03:19.999996+00:00,42189.36806289495,0.00034679223421981966,1.3600932368236063,257.2762318178511,77.73275414872992,59.087132907319,0,0
12,790161669.1843239,2025-01-14 21:19:59.999996+00:00,42189.364960418105,0.00034111531791852795,1.3600944064138896,257.2761863421247,78.24564763103096,62.74995397330679,0,0
13,790162669.1843239,2025-01-14 21:36:39.999996+00:00,42189.38679701911,0.00033551051161128515,1.360089702242167,257.27633283860274,78.79496162345234,66.37597863421334,0,0
14,790163669.1843239,2025-01-14 21:53:19.999995+00:00,42189.43354282413,0.0003299731471773065,1.3600784070518583,257.2766365235467,79.38307335099935,69.96286316664398,0,0
15,790164219.1843287,2025-01-14 22:02:30+00:00,42234.17340185026,0.001200809049704421,0.9280171254014814,4.816332061220805,29.10340328955262,15.009677507433912,0,0
16,790165219.1843287,2025-01-14 22:19:10+00:00,42234.25912933802,0.0012009289878167398,0.9280332746507095,4.817375758500074,29.416492849362857,18.872757446451164,0,0
17,790166219.1843287,2025-01-14 22:35:49.999999+00:00,42234.36824781168,0.0012011771067764628,0.9280527456878624,4.818831970431597,29.73142858579308,22.733347343066978,0,0
18,790167219.1843287,2025-01-14 22:52:29.999999+00:00,42234.4989861533,0.0012015234275830412,0.9280746197373027,4.820733583290855,30.047840204905757,26.59173969780021,0,0
19,790168219.1843287,2025-01-14 23:09:09.999999+00:00,42234.649094882436,0.0012019318206513455,0.928097901044633,4.82310519926019,30.36499019257777,30.44860368941126,0,0
20,790169219.1843287,2025-01-14 23:25:49.999998+00:00,42234.81587389931,0.0012023615602294632,0.9281215355550984,4.825962325914916,30.681728972868257,34.30503099987751,0,0
21,790170219.1843287,2025-01-14 23:42:29.999998+00:00,42234.99621115417,0.0012027691215269576,0.9281444319061443,4.829310718962567,30.99646759199348,38.16256395876926,0,0
22,790171219.1843287,2025-01-14 23:59:09.999998+00:00,42235.186632451514,0.0012031101572135047,0.9281654844479535,4.833145906940539,31.307169899863485,42.023204006796604,0,0
23,790172219.1843287,2025-01-15 00:15:49.999997+00:00,42235.3833623224,0.0012033415801588148,0.9281835978858339,4.83745292552439,31.61136549061006,45.88939918983612,0,0
24,790173219.1843287,2025-01-15 00:32:29.999997+00:00,42235.58239555089,0.0012034236710836523,0.9281977130653872,4.84220628667398,31.90618393681445,49.76401012379796,0,0
25,790174219.1843287,2025-01-15 00:49:09.999997+00:00,42235.779578531474,0.0012033221234538669,0.9282068332759288,4.847370203827488,32.18841012737257,53.6502545993598,0,0
26,790175219.1843287,2025-01-15 01:05:49.999996+00:00,42235.97069916937,0.0012030099337242875,0.9282100503798825,4.852899088554149,32.45455979265578,57.55163172749481,0,0
27,790176219.1843287,2025-01-15 01:22:29.999996+00:00,42236.15158353593,0.0012024690434290044,0.9282065699847272,4.858738326442347,32.700973558157536,61.47182727660235,0,0
28,790177219.1843287,2025-01-15 01:39:09.999996+00:00,42236.31819698746,0.0012016916413591441,0.9281957347883687,4.864825330615328,32.923927090370064,65.41460263861602,0,0
29,790178219.1843287,2025-01-15 01:55:49.999995+00:00,42236.46674697825,0.0012006810399910618,0.928177045249686,4.871090860408558,33.11975406585875,69.38367070479978,0,0
30,790179219.1843287,2025-01-15 02:12:29.999995+00:00,42236.59378439467,0.0011994520514275145,0.9281501766972324,4.877460580867527,33.284977805663914,73.38256283232448,0,0
31,790180219.1843287,2025-01-15 02:29:09.999995+00:00,42236.69629994557,0.00119803080523384,0.9281149920943762,4.883856826499168,33.41644649410006,77.41449201765401,0,0
32,790181219.1843287,2025-01-15 02:45:49.999994+00:00,42236.77181200947,0.0011964539742457306,0.9280715497644766,4.890200520948252,33.51146600263489,81.48221830257445,0,0
33,790182219.1843287,2025-01-15 03:02:29.999994+00:00,42236.818442391675,0.0011947674046618219,0.9280201055688404,4.896413193886113,33.567923562342024,85.58792322594509,0,0
34,790183219.1843287,2025-01-15 03:19:09.999994+00:00,42236.83497670705,0.0011930241826507279,0.9279611092119134,4.90241902829709,33.584395010441725,89.73310066003268,0,0
35,790184219.1843287,2025-01-15 03:35:49.999993+00:00,42236.82090657889,0.0011912822094193548,0.9278951946232997,4.908146866381761,33.560228234791964,93.91847147668722,0,0
36,790185219.1843287,2025-01-15 03:52:29.999993+00:00,42236.77645151487,0.001189601397222534,0.9278231645898191,4.913532101049485,33.495595915403825,98.14392901448387,0,0
37,790186219.1843287,2025-01-15 04:09:09.999993+00:00,42236.70255915305,0.0011880406362528915,0.9277459701191275,4.918518382821792,33.391511839773656,102.4085211373335,0,0
38,790187219.1843287,2025-01-15 04:25:49.999992+00:00,42236.60088350879,0.0011866547122129185,0.9276646852161086,4.923059078870509,33.24980699558042,106.71047274144108,0,0
39,790188219.1843287,2025-01-15 04:42:29.999992+00:00,42236.47374183603,0.0011854913721973546,0.9275804779972016,4.927118431504789,33.07306426207944,111.04724993926793,0,0
40,790189219.1843287,2025-01-15 04:59:09.999992+00:00,42236.32405166881,0.0011845887385998073,0.9274945792119766,4.930672376982748,32.86451363308628,115.41566402428725,0,0
41,790190219.1843287,2025-01-15 05:15:49.999991+00:00,42236.15525046816,0.0011839732550009573,0.927408249329019,4.933709001070771,32.62789319470081,119.81201001487221,0,0
42,790191219.1843287,2025-01-15 05:32:29.999991+00:00,42235.97120100336,0.0011836583144659324,0.9273227453892499,4.9362286241899005,32.367284143931755,124.23223149667847,0,0
43,790192219.1843287,2025-01-15 05:49:09.999991+00:00,42235.77608610537,0.0011836436719133057,0.9272392887878601,4.9382435250879455,32.08693055142643,128.67210105024228,0,0
44,790193219.1843287,2025-01-15 06:05:49.999990+00:00,42235.5742967185,0.001183915683024106,0.927159035033762,4.939777326719901,31.791055987313527,133.12740412053506,0,0
45,790194219.1843287,2025-01-15 06:22:29.999990+00:00,42235.37031724339,0.0011844483488781404,0.9270830464177228,4.940864080507235,31.483689335168627,137.5941139673051,0,0
46,790195219.1843287,2025-01-15 06:39:09.999990+00:00,42235.168612022746,0.0011852050851079254,0.9270122683170819,4.9415470947813525,31.1685110928891,142.0685463522073,0,0
47,790196219.1843287,2025-01-15 06:55:49.999990+00:00,42234.97351650281,0.001186141083136043,0.9269475096797081,4.941877559691331,30.848729374868782,146.54748469721068,0,0
48,790197219.1843287,2025-01-15 07:12:29.999989+00:00,42234.789136150306,0.001187206093760488,0.9268894280208821,4.941913024132993,30.526992012735874,151.0282692631459,0,0
49,790198219.1843287,2025-01-15 07:29:09.999989+00:00,42234.619255657286,0.0011883474425441,0.9268385190738389,4.941715780573447,30.20533800329949,155.50884704603385,0,0
50,790199219.1843287,2025-01-15 07:45:49.999989+00:00,42234.46726037493,0.001189513082344684,0.9267951110511848,4.941351211400192,29.885188472812395,159.98778217101966,0,0
51,790200219.1843287,2025-01-15 08:02:29.999988+00:00,42234.33607131975,0.001190654499116203,0.9267593633410435,4.940886146168778,29.567374638786124,164.4642292562176,0,0
52,790201219.1843287,2025-01-15 08:19:09.999988+00:00,42234.22809452375,0.0011917293097344244,0.926731269314292,4.940387273401554,29.25219815789145,168.93787431744732,0,0
53,790202219.1843287,2025-01-15 08:35:49.999987+00:00,42234.145184984576,0.0011927034211377612,0.9267106628502767,4.939919644008203,28.939517831549093,173.4088492085642,0,0
54,790203219.1843287,2025-01-15 08:52:29.999987+00:00,42234.08862502045,0.0011935526549927392,0.9266972281222768,4.9395452964233435,28.628855862724283,177.87762637726576,0,0
55,790204219.1843287,2025-01-15 09:09:09.999987+00:00,42234.05911646493,0.0011942637779903981,0.9266905121385405,4.939322026643361,28.319516615977047,182.3449009647053,0,0
56,790205219.1843287,2025-01-15 09:25:49.999987+00:00,42234.0567858405,0.0011948349125892063,0.9266899395380642,4.939302319788172,28.010710984627767,186.8114671319854,0,0
57,790206219.1843287,2025-01-15 09:42:29.999986+00:00,42234.08120143063,0.001195275334845032,0.9266948291377471,4.939532453845038,27.701679879568225,191.27809509186136,0,0
58,790207219.1843287,2025-01-15 09:59:09.999986+00:00,42234.131401017345,0.0011956046941855878,0.9267044117439974,4.940051781002681,27.39181091311339,195.74541477027432,0,0
59,790208219.1843287,2025-01-15 10:15:49.999986+00:00,42234.20592895354,0.0011958517143087865,0.9267178487839234,4.940892187490993,27.08074299234388,200.21381138563444,0,0
60,790209219.1843287,2025-01-15 10:32:29.999985+00:00,42234.30288119246,0.0011960524546977239,0.9267342513316563,4.942077729108241,26.768454233300858,204.6833375404367,0,0
61,790210219.1843287,2025-01-15 10:49:09.999985+00:00,42234.41995688362,0.0011962482286910093,0.926752699149711,4.943624436593829,26.45532937090857,209.15364565910818,0,0
62,790211219.1843287,2025-01-15 11:05:49.999985+00:00,42234.554515163654,0.0011964832864161054,0.9267722594121992,4.945540282600874,26.142203697434528,213.62394375023982,0,0
63,790212219.1843287,2025-01-15 11:22:29.999984+00:00,42234.70363580776,0.0011968023790485834,0.9267920047990141,4.947825300170766,25.83038154808713,218.0929764871873,0,0
64,790213219.1843287,2025-01-15 11:39:09.999984+00:00,42234.86418246282,0.0011972483242977281,0.9268110307050648,4.9504718412043625,25.521628480937867,222.5590324735994,0,0
65,790214219.1843287,2025-01-15 11:55:49.999984+00:00,42235.032867247115,0.0011978596913523685,0.9268284713289571,4.953464962386955,25.21813755904383,227.01997730052562,0,0
66,790215219.1843287,2025-01-15 12:12:29.999983+00:00,42235.20631557344,0.0011986687163340998,0.9268435144536492,4.956782925281793,24.922471485435956,231.47331065944655,0,0
67,790216219.1843287,2025-01-15 12:29:09.999983+00:00,42235.381130130336,0.0011996995465003548,0.9268554147433823,4.960397796785744,24.637483679340406,235.9162444381186,0,0
68,790217219.1843287,2025-01-15 12:45:49.999983+00:00,42235.55395303556,0.0012009668933630037,0.9268635054352171,4.964276135813639,24.36622260478795,240.34579750340131,0,0
69,790218219.1843287,2025-01-15 13:02:29.999982+00:00,42235.721525260735,0.0012024751523017113,0.9268672083073801,4.968379751880478,24.111824643145752,244.75890189478056,0,0
70,790219219.1843287,2025-01-15 13:19:09.999982+00:00,42235.8807425114,0.0012042180205453922,0.9268660418519085,4.9726665211867065,23.87740143319243,249.15251452002104,0,0
71,790220219.1843287,2025-01-15 13:35:49.999982+00:00,42236.02870683566,0.0012061786182537785,0.9268596275848505,4.97709124583108,23.665927805040823,253.52372824140988,0,0
72,790221219.1843287,2025-01-15 13:52:29.999981+00:00,42236.162773325166,0.0012083300908428862,0.9268476944760657,4.981606541910193,23.480136183635334,257.8698764912565,0,0
73,790222219.1843287,2025-01-15 14:09:09.999981+00:00,42236.28059136524,0.0012106366465556779,0.9268300814848651,4.986163742470589,23.322422660761088,262.1886262316471,0,0
74,790223219.1843287,2025-01-15 14:25:49.999981+00:00,42236.38013998595,0.00121305496327431,0.9268067382122432,4.990713801584289,23.19476891603924,266.4780550913821,0,0
75,790224219.1843287,2025-01-15 14:42:29.999980+00:00,42236.459756962475,0.0012155358838417626,0.9267777237202299,4.995208186224493,23.098682924007665,270.7367097557818,0,0
76,790225219.1843287,2025-01-15 14:59:09.999980+00:00,42236.51816141028,0.001218026310342932,0.9267432035669392,4.999599743107804,23.035160056246514,274.9636440124851,0,0
77,790226219.1843287,2025-01-15 15:15:49.999980+00:00,42236.55446971854,0.0012204712048430153,0.9267034451448865,5.003843528279492,23.00466490383531,279.1584361392539,0,0
78,790227219.1843287,2025-01-15 15:32:29.999979+00:00,42236.56820476222,0.0012228156064760568,0.9266588114263908,5.007897587921297,23.00713301714118,283.3211864472064,0,0
79,790228219.1843287,2025-01-15 15:49:09.999979+00:00,42236.55929842734,0.0012250065815696965,0.9266097532232638,5.011723679674054,23.041990859816575,287.4524966920595,0,0
80,790229219.1843287,2025-01-15 16:05:49.999979+00:00,42236.528087576844,0.0012269950335489798,0.9265568001195058,5.015287924694767,23.108191634859043,291.5534337039414,0,0
81,790230219.1843287,2025-01-15 16:22:29.999978+00:00,42236.47530367106,0.0012287373114878329,0.9265005502071888,5.018561381682044,23.204264262806863,295.62547996297513,0,0
82,790231219.1843287,2025-01-15 16:39:09.999978+00:00,42236.40205633849,0.0012301965692731857,0.9264416588103329,5.021520535230102,23.328372642005807,299.6704739967758,0,0
83,790232219.1843287,2025-01-15 16:55:49.999978+00:00,42236.30981126761,0.0012313438405090141,0.9263808263671807,5.024147692064977,23.478382351816784,303.6905434437909,0,0
84,790233219.1843287,2025-01-15 17:12:29.999977+00:00,42236.20036285732,0.0012321588068651182,0.9263187856588951,5.026431280000713,23.651932113505932,307.6880334712231,0,0
85,790234219.1843287,2025-01-15 17:29:09.999977+00:00,42236.07580212014,0.0012326302491053032,0.9262562885857687,5.028366045779322,23.846507548761867,311.6654330097121,0,0
86,790235219.1843287,2025-01-15 17:45:49.999977+00:00,42235.938480381374,0.001232756180367438,0.9261940926816096,5.0299531493352125,24.05951502104445,315.6253010203092,0,0
87,790236219.1843287,2025-01-15 18:02:29.999976+00:00,42235.790969354,0.0012325436703250659,0.9261329475765225,5.0312001534112545,24.28835358024386,319.5701947726243,0,0
88,790237219.1843287,2025-01-15 18:19:09.999976+00:00,42235.636018196186,0.001232008376761713,0.926073581601319,5.032120908849002,24.530483231783187,323.50260191100386,0,0
89,790238219.1843287,2025-01-15 18:35:49.999976+00:00,42235.476508174994,0.0012311738079841448,0.9260166887353632,5.032735337246997,24.783487910366887,327.42487792520336,0,0
90,790239219.1843287,2025-01-15 18:52:29.999975+00:00,42235.3154055655,0.0012300703455316196,0.9259629160916635,5.033069114004083,25.04513166079821,331.33919051852047,0,0
91,790240219.1843287,2025-01-15 19:09:09.999975+00:00,42235.15571341265,0.0012287340620001867,0.9259128521107595,5.033153256043777,25.313406625014185,335.24747226843135,0,0
92,790241219.1843287,2025-01-15 19:25:49.999975+00:00,42235.00042277177,0.0012272053735288791,0.9258670156594077,5.0330236197021065,25.586571528557762,339.1513828795844,0,0
93,790242219.1843287,2025-01-15 19:42:29.999974+00:00,42234.85246402662,0.0012255275706422332,0.925825846172492,5.032720315375156,25.86317947347706,343.0522822142177,0,0
94,790243219.1843287,2025-01-15 19:59:09.999974+00:00,42234.714658861616,0.0012237452746214161,0.92578969501174,5.032287046533787,26.14209400344325,346.9512151253492,0,0
95,790244219.1843287,2025-01-15 20:15:49.999974+00:00,42234.5896734409,0.0012219028692495963,0.9257588181631913,5.031770381628585,26.422492631725053,350.8489088924256,0,0
96,790245219.1843287,2025-01-15 20:32:29.999973+00:00,42234.4799733221,0.001220042959427589,0.9257333704026076,5.031218968233525,26.703857328127064,354.7457837529355,0,0
97,790246219.1843287,2025-01-15 20:49:09.999973+00:00,42234.38778060937,0.0012182049085351495,0.9257134010402915,5.030682699516363,26.985951852089073,358.6419766317711,0,0
98,790247219.1843287,2025-01-15 21:05:49.999973+00:00,42234.315033834464,0.0012164235053322078,0.9256988513381342,5.030211843800371,27.268786288664927,2.537377700044389,0,0
99,790248219.1843287,2025-01-15 21:22:29.999972+00:00,42234.263351040616,0.001214727808347178,0.9256895536788615,5.029856148603536,27.55256967349462,6.431678865152414,0,0
100,790249219.1843287,2025-01-15 21:39:09.999972+00:00,42234.23399654404,0.001213140211129943,0.9256852325529711,5.029663931152708,27.837652150738972,10.324432735553748,0,0
101,790250219.1843287,2025-01-15 21:55:49.999972+00:00,42234.227851852855,0.0012116757653049572,0.9256855074159088,5.029681167977083,28.124458656130894,14.215120055028624,0,0
102,790251219.1843287,2025-01-15 22:12:29.999972+00:00,42234.24539124075,0.0012103417902987552,0.9256898974484561,5.029950596817813,28.413416612497098,18.103223105486354,0,0
103,790252219.1843287,2025-01-15 22:29:09.999971+00:00,42234.28666249832,0.001209137789146991,0.9256978282388889,5.03051084477857,28.704880527180233,21.988302174736326,0,0
104,790253219.1843287,2025-01-15 22:45:49.999971+00:00,42234.351273416425,0.0012080556792848781,0.9257086403790109,5.031395597367586,28.99905665590563,25.870071909904983,0,0
105,790254219.1843287,2025-01-15 23:02:29.999970+00:00,42234.43838458999,0.0012070803361556009,0.9257215999571714,5.032632823867316,29.295931025116516,29.748474249033173,0,0
106,790255219.1843287,2025-01-15 23:19:09.999970+00:00,42234.546709161055,0.0012061904362641864,0.9257359108812717,5.03424407524494,29.595204077899158,33.62374464960524,0,0
107,790256219.1843287,2025-01-15 23:35:49.999970+00:00,42234.67452013777,0.0012053595753750803,0.925750728959371,5.036243871567557,29.896235036393854,37.49646850433876,0,0
108,790257219.1843287,2025-01-15 23:52:29.999969+00:00,42234.81966592244,0.0012045576272218372,0.9257651775949913,5.038639196490282,30.197998775935698,41.36762493169401,0,0
109,790258219.1843287,2025-01-16 00:09:09.999969+00:00,42234.979594644596,0.0012037522985870006,0.925778364928834,5.041429116728114,30.499057611267627,45.23861552318542,0,0
110,790259219.1843287,2025-01-16 00:25:49.999969+00:00,42235.1513878135,0.0012029108280302322,0.9257894022039179,5.0446045443582515,30.79754993262793,49.11127609223724,0,0
111,790260219.1843287,2025-01-16 00:42:29.999969+00:00,42235.331803664936,0.0012020017679331514,0.9257974230462882,5.048148159134186,31.091197122656723,52.98786997687382,0,0
112,790261219.1843287,2025-01-16 00:59:09.999968+00:00,42235.51733037106,0.0012009967829069376,0.925801603314757,5.052034506531569,31.377329649051347,56.87106198601084,0,0
113,790262219.1843287,2025-01-16 01:15:49.999968+00:00,42235.70424900136,0.0011998723920768482,0.9258011810875928,5.056230284797101,31.65293266417449,60.763872645249755,0,0
114,790263219.1843287,2025-01-16 01:32:29.999968+00:00,42235.8887057676,0.0011986115785154743,0.9257954762908833,5.060694830671867,31.914710840320303,64.66961300410918,0,0
115,790264219.1843287,2025-01-16 01:49:09.999967+00:00,42236.06679265925,0.0011972051865746759,0.9257839094067487,5.065380808583203,32.1591715074248,68.59180093330225,0,0
116,790265219.1843287,2025-01-16 02:05:49.999967+00:00,42236.234635094304,0.0011956530277124418,0.9257660186657699,5.0702351019388825,32.382724413692266,72.53406059298311,0,0
117,790266219.1843287,2025-01-16 02:22:29.999967+00:00,42236.38848469875,0.0011939646185233483,0.9257414750843345,5.0751998977972645,32.581795582051654,76.50000760760055,0,0
118,790267219.1843287,2025-01-16 02:39:09.999966+00:00,42236.52481481396,0.0011921594820480876,0.9257100947142416,5.08021394786907,32.75295177745134,80.49312344897022,0,0
119,790268219.1843287,2025-01-16 02:55:49.999966+00:00,42236.64041586457,0.001190266956179925,0.9256718475162486,5.0852139799137115,32.893031062848166,84.51662357493686,0,0
120,790269219.1843287,2025-01-16 03:12:29.999966+00:00,42236.73248733777,0.0011883254718893976,0.9256268623099739,5.090136224670943,32.999273857659134,88.57332494369788,0,0
121,790270219.1843287,2025-01-16 03:29:09.999965+00:00,42236.798722882275,0.0011863812895180953,0.9255754274004546,5.094918015162051,33.06944793201527,92.66551951227552,0,0
122,790271219.1843287,2025-01-16 03:45:49.999965+00:00,42236.83738496745,0.0011844867131611014,0.9255179865962816,5.0994994082157294,33.10196001304511,96.79486109139125,0,0
123,790272219.1843287,2025-01-16 04:02:29.999965+00:00,42236.847365686976,0.0011826978398716025,0.9254551305276465,5.103824773148127,33.095946327282036,100.96227328576859,0,0
124,790273219.1843287,2025-01-16 04:19:09.999964+00:00,42236.82823065831,0.0011810719395635317,0.9253875833796943,5.107844290252562,33.0513346362663,105.16788601793475,0,0
125,790274219.1843287,2025-01-16 04:35:49.999964+00:00,42236.780243555564,0.0011796645994593322,0.9253161853471936,5.111515302588979,32.968871294748105,109.41100716024074,0,0
126,790275219.1843287,2025-01-16 04:52:29.999964+00:00,42236.704369593564,0.0011785267992806886,0.9252418713393067,5.114803468698883,32.850108654538055,113.69013400194629,0,0
127,790276219.1843287,2025-01-16 05:09:09.999963+00:00,42236.60225720531,0.0011777021053426913,0.9251656466418977,5.117683671201385,32.69735071453631,118.00300669339578,0,0
128,790277219.1843287,2025-01-16 05:25:49.999963+00:00,42236.47619816217,0.0011772241789985087,0.9250885603923212,5.120140646368172,32.513558102771775,122.34670261397864,0,0
129,790278219.1843287,2025-01-16 05:42:29.999963+00:00,42236.32906740082,0.0011771147845566245,0.9250116778209787,5.122169312046651,32.302216947331715,126.71776712746073,0,0
130,790279219.1843287,2025-01-16 05:59:09.999962+00:00,42236.16424476711,0.0011773824530206922,0.924936052270832,5.123774784828119,32.0671795239377,131.11237284418607,0,0
131,790280219.1843287,2025-01-16 06:15:49.999962+00:00,42235.98552169733,0.0011780219125293524,0.9248626979863793,5.124972091178772,31.812487296525337,135.52649676764273,0,0
132,790281219.1843287,2025-01-16 06:32:29.999962+00:00,42235.796996475314,0.0011790143384858333,0.9247925646080507,5.12578559036127,31.542188688155782,139.95610296928618,0,0
133,790282219.1843287,2025-01-16 06:49:09.999961+00:00,42235.60296209366,0.0011803284123626712,0.9247265141930102,5.126248138538125,31.260164369198044,144.3973179748909,0,0
134,790283219.1843287,2025-01-16 07:05:49.999961+00:00,42235.407790898316,0.0011819221152123889,0.9246653014363743,5.126400032747895,30.969971971262236,148.8465869154248,0,0
135,790284219.1843287,2025-01-16 07:22:29.999961+00:00,42235.21582011219,0.0011837451270139707,0.9246095575916167,5.126287780083971,30.67472008110723,153.30080054364842,0,0
136,790285219.1843287,2025-01-16 07:39:09.999960+00:00,42235.03124204402,0.0011857416616442066,0.9245597784228632,5.125962741182167,30.37697847124185,157.75738611192537,0,0
137,790286219.1843287,2025-01-16 07:55:49.999960+00:00,42234.858002335975,0.00118785354276319,0.9245163163140246,5.125479698145786,30.07872821318347,162.21435841699986,0,0
138,790287219.1843287,2025-01-16 08:12:29.999960+00:00,42234.69970902917,0.0011900233191688072,0.9244793765306382,5.124895395566709,29.78135202988701,166.67033060888824,0,0
139,790288219.1843287,2025-01-16 08:29:09.999959+00:00,42234.55955458906,0.0011921972276678714,0.9244490174436376,5.124267099788059,29.485662341791567,171.12448726701894,0,0
140,790289219.1843287,2025-01-16 08:45:49.999959+00:00,42234.44025237171,0.0011943278342699435,0.9244251544493421,5.123651216509259,29.19196218232472,175.57652453074948,0,0
141,790290219.1843287,2025-01-16 09:02:29.999959+00:00,42234.34398837344,0.0011963762165303584,0.9244075671866439,5.123102000787392,28.900132605449297,180.02656363092538,0,0
142,790291219.1843287,2025-01-16 09:19:09.999958+00:00,42234.27238851825,0.0011983135871378619,0.9243959096264122,5.12267038694654,28.60973935641096,184.4750450274295,0,0
143,790292219.1843287,2025-01-16 09:35:49.999958+00:00,42234.2265012233,0.0012001222977652422,0.9243897225489085,5.122402959297515,28.320151322400427,188.92261061838352,0,0
144,790293219.1843287,2025-01-16 09:52:29.999958+00:00,42234.20679455252,0.001201796200031322,0.9243884479276185,5.122341078242557,28.03066347613186,193.3699812976181,0,0
145,790294219.1843287,2025-01-16 10:09:09.999957+00:00,42234.2131669299,0.0012033403751789992,0.9243914447235563,5.122520170532277,27.74061752608473,197.81783664097557,0,0
146,790295219.1843287,2025-01-16 10:25:49.999957+00:00,42234.24497012788,0.0012047702747761207,0.9243980056427978,5.122969187304176,27.44951417425686,202.2667028208238,0,0
147,790296219.1843287,2025-01-16 10:42:29.999957+00:00,42234.30104307581,0.0012061103406915553,0.9244073744101744,5.1237102291486165,27.157111676659955,206.71685405760485,0,0
148,790297219.1843287,2025-01-16 10:59:09.999956+00:00,42234.37975492547,0.0012073921937989227,0.9244187631688833,5.124758333810863,26.86350626940567,211.16823205321074,0,0
149,790298219.1843287,2025-01-16 11:15:49.999956+00:00,42234.47905576782,0.0012086524970590267,0.9244313696507436,5.126121419209508,26.569190959063828,215.62038691785105,0,0
150,790299219.1843287,2025-01-16 11:32:29.999956+00:00,42234.59653339411,0.0012099306098949925,0.9244443937925891,5.127800372175356,26.275090196730872,220.07244208336925,0,0
151,790300219.1843287,2025-01-16 11:49:09.999955+00:00,42234.72947453396,0.0012112661568136139,0.9244570535366489,5.129789271585463,25.98256907413497,224.52308457855275,0,0
152,790301219.1843287,2025-01-16 12:05:49.999955+00:00,42234.87492906755,0.0012126966338627508,0.9244685995701539,5.132075733310214,25.69341689664906,228.97058082642465,0,0
153,790302219.1843287,2025-01-16 12:22:29.999955+00:00,42235.02977579509,0.0012142551714931864,0.9244783288118114,5.134641363514768,25.40980627305913,233.41281683913013,0,0
154,790303219.1843287,2025-01-16 12:39:09.999954+00:00,42235.190788444605,0.0012159685616904574,0.9244855964809947,5.137462306286319,25.134230155343385,237.84736039290593,0,0
155,790304219.1843287,2025-01-16 12:55:49.999954+00:00,42235.35470070847,0.0012178556410796227,0.9244898266234006,5.140509871230019,24.869420472755266,242.2715415546283,0,0
156,790305219.1843287,2025-01-16 13:12:29.999954+00:00,42235.51826921155,0.0012199261008159332,0.9244905209868977,5.143751226537135,24.618253031156776,246.68254690462615,0,0
157,790306219.1843287,2025-01-16 13:29:09.999954+00:00,42235.678333431286,0.0012221797695399397,0.9244872661866903,5.1471501430528415,24.383644084321734,251.07752206437948,0,0
158,790307219.1843287,2025-01-16 13:45:49.999953+00:00,42235.83187170816,0.0012246063890833368,0.9244797391126155,5.150667775004156,24.168444349560897,255.45367677166115,0,0
159,790308219.1843287,2025-01-16 14:02:29.999953+00:00,42235.97605260406,0.0012271858757527214,0.9244677105602729,5.154263463315041,23.975336189659526,259.8083867955228,0,0
160,790309219.1843287,2025-01-16 14:19:09.999953+00:00,42236.10828098373,0.0012298890348011254,0.9244510470952786,5.157895547782929,23.806739224098326,264.1392874419253,0,0
161,790310219.1843287,2025-01-16 14:35:49.999952+00:00,42236.226238313124,0.0012326786738119664,0.9244297111811112,5.161522174847425,23.664728816006164,268.4443542166394,0,0
162,790311219.1843287,2025-01-16 14:52:29.999952+00:00,42236.32791678334,0.0012355110435642734,0.9244037596229309,5.165102088236127,23.550970805478418,272.7219672870694,0,0
163,790312219.1843287,2025-01-16 15:09:09.999951+00:00,42236.4116469831,0.0012383375233222162,0.9243733404016538,5.168595390411161,23.466674642163966,276.9709576015187,0,0
164,790313219.1843287,2025-01-16 15:25:49.999951+00:00,42236.47611895355,0.0012411064616890274,0.9243386879929251,5.171964263503317,23.41256583481479,281.190633758672,0,0
165,790314219.1843287,2025-01-16 15:42:29.999951+00:00,42236.52039656647,0.0012437650838874755,0.9243001172825056,5.175173639261889,23.388877496169485,285.3807898583577,0,0
166,790315219.1843287,2025-01-16 15:59:09.999951+00:00,42236.54392526973,0.0012462613808688332,0.9242580162093245,5.1781918085056935,23.39535980023,289.5416955248472,0,0
167,790316219.1843287,2025-01-16 16:15:49.999950+00:00,42236.546533341265,0.0012485459039832778,0.92421283727902,5.180990961613602,23.431305437476215,293.6740700242681,0,0
168,790317219.1843287,2025-01-16 16:32:29.999950+00:00,42236.52842688284,0.0012505733999348006,0.9241650881107928,5.1835476527366735,23.495588667204064,297.77904288279245,0,0
169,790318219.1843287,2025-01-16 16:49:09.999950+00:00,42236.49017886863,0.0012523042332721207,0.9241153211851455,5.185843181640882,23.586715309354688,301.85810366775434,0,0
170,790319219.1843287,2025-01-16 17:05:49.999949+00:00,42236.43271263709,0.0012537055567307938,0.9240641229665565,5.1878638883972945,23.702880957718218,305.91304365293917,0,0
171,790320219.1843287,2025-01-16 17:22:29.999949+00:00,42236.35728027912,0.0012547522025689159,0.9240121025959234,5.189601357488968,23.8420347829099,309.94589200136073,0,0
172,790321219.1843287,2025-01-16 17:39:09.999949+00:00,42236.26543642971,0.0012554272800544626,0.9239598803369623,5.191052529304336,24.001946477602353,313.9588489133032,0,0
173,790322219.1843287,2025-01-16 17:55:49.999948+00:00,42236.15900801183,0.0012557224751196742,0.9239080759608082,5.192219718408895,24.180274131634324,317.9542179508337,0,0
174,790323219.1843287,2025-01-16 18:12:29.999948+00:00,42236.04006051318,0.0012556380577667182,0.923857297267371,5.193110539395072,24.37463107239201,321.9343395007873,0,0
175,790324219.1843287,2025-01-16 18:29:09.999948+00:00,42235.910861394135,0.0012551826110376535,0.9238081289168804,5.193737742504486,24.582649940279747,325.9015271024258,0,0
176,790325219.1843287,2025-01-16 18:45:49.999947+00:00,42235.77384123273,0.0012543725023661564,0.9237611217526297,5.1941189625538895,24.802042474061942,329.858008159695,0,0
177,790326219.1843287,2025-01-16 19:02:29.999947+00:00,42235.63155320803,0.001253231124026381,0.9237167827797992,5.1942763859614285,25.030653651989052,333.80587038564084,0,0
178,790327219.1843287,2025-01-16 19:19:09.999947+00:00,42235.486631507294,0.0012517879343018623,0.9236755659513763,5.194236341844547,25.266508976897892,337.7470151831516,0,0
179,790328219.1843287,2025-01-16 19:35:49.999946+00:00,42235.341749218554,0.0012500773350813765,0.9236378639053371,5.194028824210655,25.507853816926588,341.68311904174425,0,0
180,790329219.1843287,2025-01-16 19:52:29.999946+00:00,42235.19957623662,0.0012481374248598605,0.9236040007713222,5.193686953190784,25.753183835144462,345.6156039076025,0,0
181,790330219.1843287,2025-01-16 20:09:09.999946+00:00,42235.0627376717,0.0012460086686596236,0.9235742261547993,5.1932463840475025,26.001265677151302,349.54561734761563,0,0
182,790331219.1843287,2025-01-16 20:25:49.999945+00:00,42234.93377320634,0.0012437325281153683,0.9235487103903808,5.192744673309441,26.251147252738892,353.47402316058805,0,0
183,790332219.1843287,2025-01-16 20:42:29.999945+00:00,42234.81509780151,0.0012413500958452894,0.9235275411300993,5.192220611866038,26.502157158594358,357.40140287751535,0,0
184,790333219.1843287,2025-01-16 20:59:09.999945+00:00,42234.70896410815,0.0012389007781174323,0.9235107213163175,5.1917135351721395,26.753893051460555,1.3280683301675535,0,0
185,790334219.1843287,2025-01-16 21:15:49.999944+00:00,42234.617426900746,0.0012364210686445075,0.9234981685775037,5.191262620893361,27.00619909558079,5.254085152718333,0,0
186,790335219.1843287,2025-01-16 21:32:29.999944+00:00,42234.542309814155,0.0012339434539584138,0.9234897160546691,5.190906184373484,27.259132967772643,9.179306721694276,0,0
187,790336219.1843287,2025-01-16 21:49:09.999944+00:00,42234.48517464129,0.0012314954872136715,0.9234851146626475,5.190680982248524,27.51292329242527,13.103417650734855,0,0
188,790337219.1843287,2025-01-16 22:05:49.999943+00:00,42234.4472934355,0.001229099062440436,0.9234840367658884,5.190621534388885,27.767918776974863,17.02598555862663,0,0
189,790338219.1843287,2025-01-16 22:22:29.999943+00:00,42234.42962366188,0.0012267699152713229,0.9234860812279116,5.190759474154825,28.02453069985651,20.946519447948848,0,0
190,790339219.1843287,2025-01-16 22:39:09.999943+00:00,42234.43278665717,0.0012245173692064743,0.9234907798039205,5.191122936715599,28.283170742022623,24.8645326929097,0,0
191,790340219.1843287,2025-01-16 22:55:49.999942+00:00,42234.45704968958,0.0012223443387587986,0.9234976047945385,5.191735994949465,28.544186426080916,28.77960836233723,0,0
192,790341219.1843287,2025-01-16 23:12:29.999942+00:00,42234.502311953634,0.0012202475925857277,0.9235059779045833,5.192618152213872,28.807796615367067,32.691464415861084,0,0
193,790342219.1843287,2025-01-16 23:29:09.999942+00:00,42234.568094894654,0.0012182182713134716,0.9235152802026665,5.193783901077928,29.074029619748046,36.60001621715529,0,0
194,790343219.1843287,2025-01-16 23:45:49.999941+00:00,42234.65353732117,0.001216242646385818,0.9235248630937349,5.195242356928941,29.3426664525077,40.50543381084295,0,0
195,790344219.1843287,2025-01-17 00:02:29.999941+00:00,42234.75739583209,0.0012143030982081557,0.9235340601660409,5.196996975197555,29.613191691765174,44.40819150085164,0,0
196,790345219.1843287,2025-01-17 00:19:09.999941+00:00,42234.87805114518,0.0012123792842062809,0.9235421997866404,5.199045360734036,29.884754231593373,48.30910743660092,0,0
197,790346219.1843287,2025-01-17 00:35:49.999940+00:00,42235.01352095724,0.001210449460297492,0.9235486182765864,5.201379177585643,30.156139979094537,52.20937114271093,0,0
198,790347219.1843287,2025-01-17 00:52:29.999940+00:00,42235.16147998062,0.0012084919126488143,0.9235526734777848,5.203984166957492,30.425758276529216,56.11055720563556,0,0
199,790348219.1843287,2025-01-17 01:09:09.999940+00:00,42235.31928777146,0.0012064864505040354,0.9235537584960172,5.2068402804171035,30.691643512509692,60.01462364651824,0,0
200,790349219.1843287,2025-01-17 01:25:49.999939+00:00,42235.484024880905,0.001204415905272367,0.9235513153601815,5.209921934293695,30.951473033174373,63.92389386383198,0,0
201,790350219.1843287,2025-01-17 01:42:29.999939+00:00,42235.652537705995,0.0012022675760711794,0.9235448483331413,5.21319838962131,31.202602063835275,67.84102143143562,0,0
202,790351219.1843287,2025-01-17 01:59:09.999939+00:00,42235.821492185154,0.001200034557737824,0.9235339365365168,5.21663425976446,31.442115886540112,71.76893750494813,0,0
203,790352219.1843287,2025-01-17 02:15:49.999938+00:00,42235.987436167874,0.001197716884357481,0.9235182455539132,5.220190144963876,31.666898963950473,75.71078114726284,0,0
204,790353219.1843287,2025-01-17 02:32:29.999938+00:00,42236.14686989157,0.0011953224202219065,0.9234975376439111,5.223823389405816,31.873720028310416,79.6698135592164,0,0
205,790354219.1843287,2025-01-17 02:49:09.999938+00:00,42236.296323533556,0.001192867431691799,0.9234716801777139,5.227488952084145,32.05933134853347,83.64931801140443,0,0
206,790355219.1843287,2025-01-17 03:05:49.999938+00:00,42236.432440290446,0.0011903767786488099,0.9234406519245436,5.2311403777854775,32.22057944136554,87.65248822498322,0,0
207,790356219.1843287,2025-01-17 03:22:29.999937+00:00,42236.55206290646,0.0011878836741663675,0.9234045468324198,5.234730849207343,32.35452343055165,91.68230901645461,0,0
208,790357219.1843287,2025-01-17 03:39:09.999937+00:00,42236.65232106395,0.0011854289765911438,0.9233635749996268,5.238214295796046,32.458556136296906,95.74143414824093,0,0
209,790358219.1843287,2025-01-17 03:55:49.999937+00:00,42236.730716612095,0.0011830599999733153,0.9233180605868145,5.2415465297781685,32.53052189914289,99.83206740986961,0,0
210,790359219.1843287,2025-01-17 04:12:29.999936+00:00,42236.78520329638,0.0011808288566228268,0.9232684365430175,5.244686375490326,32.56882425307724,103.9558538479637,0,0
211,790360219.1843287,2025-01-17 04:29:09.999936+00:00,42236.81425750394,0.001178790378508753,0.9232152361040094,5.247596754958666,32.57251603717925,108.11378859159534,0,0
212,790361219.1843287,2025-01-17 04:45:49.999936+00:00,42236.816936601026,0.0011769997002105785,0.9231590811782174,5.2502456911955475,32.541364564260974,112.30615069160918,0,0
213,790362219.1843287,2025-01-17 05:02:29.999935+00:00,42236.79292172993,0.0011755096219719435,0.9231006678574049,5.252607191185356,32.47588521464066,116.5324686420797,0,0
214,790363219.1843287,2025-01-17 05:19:09.999935+00:00,42236.74254245287,0.0011743679030335396,0.9230407494460592,5.254661973254556,32.37733838721353,120.79152268512469,0,0
215,790364219.1843287,2025-01-17 05:35:49.999935+00:00,42236.66678136577,0.0011736146582231096,0.9229801175202959,5.256398008455663,32.24768711336795,125.08138662185772,0,0
216,790365219.1843287,2025-01-17 05:52:29.999934+00:00,42236.56725770409,0.0011732800405031521,0.9229195816344896,5.257810852550248,32.08951566184489,129.39950882272728,0,0
217,790366219.1843287,2025-01-17 06:09:09.999934+00:00,42236.44618997151,0.0011733823855134748,0.9228599483774936,5.258903753753701,31.905912843742698,133.7428287408819,0,0
218,790367219.1843287,2025-01-17 06:25:49.999934+00:00,42236.30633865663,0.0011739269698352649,0.9228020005112406,5.259687531037216,31.70032704792647,138.1079219016941,0,0
219,790368219.1843287,2025-01-17 06:42:29.999933+00:00,42236.15093109077,0.0011749054937520167,0.9227464769172213,5.260180227777565,31.476402844514183,142.49116352444634,0,0
220,790369219.1843287,2025-01-17 06:59:09.999933+00:00,42235.98357136019,0.001176296345371402,0.9226940540535297,5.260406555218637,31.2378108643254,146.88889905268252,0,0
221,790370219.1843287,2025-01-17 07:15:49.999933+00:00,42235.80813885846,0.0011780656418155732,0.9226453295156379,5.2603971488515375,30.988083309518498,151.29760921419458,0,0
222,790371219.1843287,2025-01-17 07:32:29.999932+00:00,42235.62867950713,0.001180168981682347,0.9226008082145974,5.260187667920559,30.730466782237382,155.7140578934387,0,0
223,790372219.1843287,2025-01-17 07:49:09.999932+00:00,42235.44929386448,0.0011825537880927582,0.9225608915401278,5.2598177734074785,30.467802254895727,160.13541295777773,0,0
224,790373219.1843287,2025-01-17 08:05:49.999932+00:00,42235.274026286825,0.0011851620791428527,0.9225258697357233,5.25933002284307,30.202439252514573,164.55933292970673,0,0
225,790374219.1843287,2025-01-17 08:22:29.999931+00:00,42235.10675902875,0.0011879334762426486,0.9224959175939186,5.25876872118036,29.93618808984878,168.98401562457968,0,0
226,790375219.1843287,2025-01-17 08:39:09.999931+00:00,42234.95111471026,0.0011908082519987743,0.9224710934143459,5.258178765860009,29.67031074003695,173.40820814094766,0,0
227,790376219.1843287,2025-01-17 08:55:49.999931+00:00,42234.810369986255,0.0011937302270413168,0.9224513410907967,5.257604521464338,29.405547981438556,177.83118052389702,0,0
228,790377219.1843287,2025-01-17 09:12:29.999930+00:00,42234.68738258488,0.0011966493467772713,0.9224364950672357,5.25708875533442,29.142178133006993,182.2526677624854,0,0
229,790378219.1843287,2025-01-17 09:29:09.999930+00:00,42234.58453318422,0.0011995238007102386,0.9224262878392913,5.256671660667153,28.880101066646272,186.67278640945713,0,0
230,790379219.1843287,2025-01-17 09:45:49.999930+00:00,42234.50368291782,0.0012023215846330368,0.922420359637784,5.256389988289925,28.618940275814396,191.09193302614926,0,0
231,790380219.1843287,2025-01-17 10:02:29.999929+00:00,42234.44614667349,0.0012050214459468857,0.9224182698831724,5.256276302903103,28.358155492375655,195.51067194831396,0,0
232,790381219.1843287,2025-01-17 10:19:09.999929+00:00,42234.41268180141,0.0012076131915394733,0.9224195100029496,5.25635837437685,28.097158542905554,199.9296196746721,0,0
233,790382219.1843287,2025-01-17 10:35:49.999929+00:00,42234.40349139167,0.0012100973738590304,0.9224235172038594,5.256658709875732,27.83542567858688,204.34933264188118,0,0
234,790383219.1843287,2025-01-17 10:52:29.999928+00:00,42234.41824092301,0.0012124844026390224,0.9224296888078635,5.257194228324248,27.57260037986653,208.77020438677292,0,0
235,790384219.1843287,2025-01-17 11:09:09.999928+00:00,42234.45608682246,0.0012147931563732813,0.9224373967883472,5.257976075073053,27.30858154233391,213.19237719496184,0,0
236,790385219.1843287,2025-01-17 11:25:49.999928+00:00,42234.515715300826,0.0012170491887236777,0.9224460021750744,5.259009571580237,27.04359294730804,217.61567234076807,0,0
237,790386219.1843287,2025-01-17 11:42:29.999927+00:00,42234.59538973425,0.00121928264037834,0.922454869035668,5.260294292488354,26.778230988711723,222.03954195754895,0,0
238,790387219.1843287,2025-01-17 11:59:09.999927+00:00,42234.69300483095,0.001221525976410704,0.9224633777589422,5.261824260558616,26.513488763964368,226.4630444430451,0,0
239,790388219.1843287,2025-01-17 12:15:49.999927+00:00,42234.80614584611,0.0012238116728042776,0.9224709374378824,5.263588248494081,26.250755832751153,230.88484410940222,0,0
240,790389219.1843287,2025-01-17 12:32:29.999926+00:00,42234.93215117213,0.0012261699735048117,0.9224769971454261,5.265570175639623,25.991794185577486,235.303234550236,0,0
241,790390219.1843287,2025-01-17 12:49:09.999926+00:00,42235.068176727524,0.0012286268312084925,0.9224810559590261,5.267749586833131,25.73869219950966,239.71618396203556,0,0
242,790391219.1843287,2025-01-17 13:05:49.999926+00:00,42235.21126068469,0.0012312021314121568,0.922482671609622,5.270102200247715,25.493799527350383,244.12139948849872,0,0
243,790392219.1843287,2025-01-17 13:22:29.999925+00:00,42235.35838720969,0.0012339082806571851,0.9224814676620026,5.272600510832303,25.25964688437893,248.51640663843182,0,0
244,790393219.1843287,2025-01-17 13:39:09.999925+00:00,42235.50654802766,0.0012367492174156804,0.9224771391679304,5.275214435924267,25.038855478785965,252.8986390455924,0,0
245,790394219.1843287,2025-01-17 13:55:49.999925+00:00,42235.652800773874,0.001239719879028996,0.9224694567494937,5.277911989711206,24.834041299762713,257.2655333706214,0,0
246,790395219.1843287,2025-01-17 14:12:29.999925+00:00,42235.79432323747,0.0012428061321862025,0.9224582691106127,5.280659973458585,24.647719585006573,261.6146240368826,0,0
247,790396219.1843287,2025-01-17 14:29:09.999924+00:00,42235.92846275056,0.0012459851493440352,0.9224435039810572,5.283424668784617,24.482214524152482,265.94363275664386,0,0
248,790397219.1843287,2025-01-17 14:45:49.999924+00:00,42236.052780119615,0.001249226190928573,0.9224251675392285,5.28617252173323,24.339578648049784,270.2505484098896,0,0
249,790398219.1843287,2025-01-17 15:02:29.999923+00:00,42236.16508763462,0.0012524917345384714,0.9224033423663064,5.288870805983504,24.221525476538112,274.53369371448684,0,0
250,790399219.1843287,2025-01-17 15:19:09.999923+00:00,42236.26348082714,0.0012557388786623765,0.922378184013211,5.291488254220646,24.129377942812834,278.79177618006236,0,0
251,790400219.1843287,2025-01-17 15:35:49.999923+00:00,42236.34636377514,0.0012589209401399624,0.9223499162788728,5.293995647505874,24.06403399453531,283.02392195487056,0,0
252,790401219.1843287,2025-01-17 15:52:29.999923+00:00,42236.41246787676,0.0012619891616896535,0.9223188253138221,5.296366353380401,24.025949687216084,287.229692258449,0,0
253,790402219.1843287,2025-01-17 16:09:09.999922+00:00,42236.46086412712,0.0012648944478275588,0.9222852526810875,5.298576804460879,24.015139129092876,291.40908304797523,0,0
254,790403219.1843287,2025-01-17 16:25:49.999922+00:00,42236.49096904025,0.0012675890536010233,0.9222495875232605,5.300606910388819,24.031189860669677,295.56250934102263,0,0
255,790404219.1843287,2025-01-17 16:42:29.999922+00:00,42236.50254445429,0.001270028159746225,0.9222122579869542,5.30244039720557,24.073291690836875,299.69077617732177,0,0
256,790405219.1843287,2025-01-17 16:59:09.999921+00:00,42236.49569154494,0.0012721712790867987,0.9221737220772985,5.304065069497484,24.14027666487532,303.79503854734673,0,0
257,790406219.1843287,2025-01-17 17:15:49.999921+00:00,42236.4708394484,0.0012739834512339075,0.9221344581081812,5.305472992007048,24.23066768631181,307.87675276744574,0,0
258,790407219.1843287,2025-01-17 17:32:29.999921+00:00,42236.428728960214,0.001275436195069151,0.9220949549331586,5.306660588793173,24.34273332061605,311.93762177373674,0,0
259,790408219.1843287,2025-01-17 17:49:09.999920+00:00,42236.3703918271,0.001276508200414526,0.922055702131599,5.307628659442304,24.474546431502414,315.9795366827438,0,0
260,790409219.1843287,2025-01-17 18:05:49.999920+00:00,42236.297126189915,0.0012771857512932211,0.9220171803229787,5.308382313252555,24.62404449705066,320.00451676883483,0,0
261,790410219.1843287,2025-01-17 18:22:29.999920+00:00,42236.21046876165,0.0012774628829469261,0.9219798517920837,5.308930823711599,24.789089687135686,324.0146497728244,0,0
262,790411219.1843287,2025-01-17 18:39:09.999919+00:00,42236.112164337705,0.0012773412832076255,0.9219441515734151,5.309287406945356,24.96752702584347,328.01203421255286,0,0
263,790412219.1843287,2025-01-17 18:55:49.999919+00:00,42236.004133236325,0.0012768299559018132,0.9219104791659141,5.3094689290961545,25.1572391925858,331.99872513494773,0,0
264,790413219.1843287,2025-01-17 19:12:29.999919+00:00,42235.888437254594,0.0012759446697673013,0.9218791910062687,5.309495548774325,25.35619672285606,335.97668454067053,0,0
265,790414219.1843287,2025-01-17 19:29:09.999918+00:00,42235.767244702416,0.0012747072209952422,0.9218505938296093,5.309390301799986,25.562502550757685,339.9477375302327,0,0
266,790415219.1843287,2025-01-17 19:45:49.999918+00:00,42235.642795041196,0.0012731445410653231,0.9218249390361971,5.309178636372849,25.77442999438491,343.9135350606312,0,0
267,790416219.1843287,2025-01-17 20:02:29.999918+00:00,42235.51736361144,0.001271287684160342,0.9218024181332798,5.308887907582002,25.99045342853891,347.87552405743054,0,0
268,790417219.1843287,2025-01-17 20:19:09.999917+00:00,42235.39322688209,0.001269170730177451,0.9217831593441189,5.308546840762075,26.209271028001144,351.83492548794914,0,0
269,790418219.1843287,2025-01-17 20:35:49.999917+00:00,42235.272628597195,0.0012668296402488155,0.9217672254155385,5.308184973614799,26.429819108369202,355.79272085706936,0,0
270,790419219.1843287,2025-01-17 20:52:29.999917+00:00,42235.157747136866,0.0012643011018122516,0.9217546126602526,5.307832087243649,26.651277749493172,359.7496474290118,0,0
271,790420219.1843287,2025-01-17 21:09:09.999916+00:00,42235.05066434824,0.001261621399574124,0.9217452512347738,5.307517636285332,26.873067565573674,3.7062022994186066,0,0
272,790421219.1843287,2025-01-17 21:25:49.999916+00:00,42234.95333604489,0.001258825347254941,0.9217390066387892,5.307270188176418,27.094837688446873,7.66265523987234,0,0
273,790422219.1843287,2025-01-17 21:42:29.999916+00:00,42234.86756431959,0.001255945312751735,0.9217356824018299,5.307116881278735,27.316445255400705,11.619070012521082,0,0
274,790423219.1843287,2025-01-17 21:59:09.999915+00:00,42234.79497177073,0.0012530103663401582,0.9217350238970987,5.307082911110693,27.537926934942725,15.57533361101036,0,0
275,790424219.1843287,2025-01-17 22:15:49.999915+00:00,42234.73697770901,0.0012500455778151605,0.9217367232197287,5.307191053318316,27.759463273414365,19.531192635111786,0,0
276,790425219.1843287,2025-01-17 22:32:29.999915+00:00,42234.69477639002,0.0012470714840851858,0.9217404250305961,5.307461231295641,27.981336891825762,23.4862957608007,0,0
277,790426219.1843287,2025-01-17 22:49:09.999914+00:00,42234.66931731537,0.0012441037438395215,0.9217457332750195,5.307910135538713,28.20388579237376,27.440241038349484,0,0
278,790427219.1843287,2025-01-17 23:05:49.999914+00:00,42234.661287658324,0.001241152990569365,0.9217522186571938,5.308550900946159,28.42745323591779,31.39262655017751,0,0
279,790428219.1843287,2025-01-17 23:22:29.999914+00:00,42234.67109690285,0.001238224889632602,0.9217594267516456,5.309392847346054,28.65233581537153,35.343102797536325,0,0
280,790429219.1843287,2025-01-17 23:39:09.999913+00:00,42234.69886383789,0.0012353203993148189,0.9217668866165268,5.310441287604324,28.87873146868428,39.29142506743561,0,0
281,790430219.1843287,2025-01-17 23:55:49.999913+00:00,42234.74440611899,0.0012324362300948515,0.9217741197852114,5.3116974067340745,29.106689246317238,43.237503961029354,0,0
282,790431219.1843287,2025-01-18 00:12:29.999913+00:00,42234.80723269483,0.001229565490625238,0.9217806494765128,5.313158214512211,29.336062672112508,47.18145224171448,0,0
283,790432219.1843287,2025-01-18 00:29:09.999913+00:00,42234.886539493666,0.0012266985033857485,0.9217860098985116,5.31481657322791,29.566468518759475,51.12362617990122,0,0
284,790433219.1843287,2025-01-18 00:45:49.999912+00:00,42234.9812088647,0.0012238237675054379,0.9217897554821044,5.316661301314972,29.797252763182712,55.064659628280666,0,0
285,790434219.1843287,2025-01-18 01:02:29.999912+00:00,42235.089813366096,0.0012209290408947524,0.921791469908728,5.318677352769219,30.02746539971314,59.005489149864076,0,0
286,790435219.1843287,2025-01-18 01:19:09.999912+00:00,42235.21062457083,0.0012180025085224856,0.9217907747649172,5.320846071381524,30.255845670461934,62.9473686405042,0,0
287,790436219.1843287,2025-01-18 01:35:49.999911+00:00,42235.34162761373,0.001215033998396531,0.9217873376763064,5.323145517898265,30.480819120769308,66.89187204019265,0,0
288,790437219.1843287,2025-01-18 01:52:29.999911+00:00,42235.48054221167,0.0012120162016042318,0.9217808797627346,5.32555086723013,30.70050769361142,70.84088292252893,0,0
289,790438219.1843287,2025-01-18 02:09:09.999910+00:00,42235.624850838976,0.0012089458477555015,0.9217711822494276,5.32803487170088,30.912753823132118,74.79657000669187,0,0
290,790439219.1843287,2025-01-18 02:25:49.999910+00:00,42235.771834621395,0.0012058247826509374,0.9217580920719474,5.330568385046252,31.115159154197894,78.76134797087902,0,0
291,790440219.1843287,2025-01-18 02:42:29.999910+00:00,42235.918617308685,0.0012026608913859962,0.9217415263239237,5.333120940400032,31.30513807313089,82.73782338944767,0,0
292,790441219.1843287,2025-01-18 02:59:09.999910+00:00,42236.06221739637,0.001199468808055525,0.9217214753805385,5.33566137382553,31.479985662288904,86.72872619017078,0,0
293,790442219.1843287,2025-01-18 03:15:49.999909+00:00,42236.199608089395,0.0011962703535460585,0.9216980045561276,5.338158483103519,31.63695896751281,90.73682775350191,0,0
294,790443219.1843287,2025-01-18 03:32:29.999909+00:00,42236.32778434479,0.0011930946465363327,0.921671254177233,5.3405817094996975,31.773369590525135,94.76484765459763,0,0
295,790444219.1843287,2025-01-18 03:49:09.999909+00:00,42236.44383571774,0.001189977840747491,0.9216414379528374,5.342901828225451,31.886684609497745,98.81535205961166,0,0
296,790445219.1843287,2025-01-18 04:05:49.999908+00:00,42236.5450231949,0.0011869624545392317,0.9216088395824312,5.345091631385241,31.974631742250796,102.89064787828805,0,0
297,790446219.1843287,2025-01-18 04:22:29.999908+00:00,42236.62885767109,0.0011840962776865007,0.9215738075781995,5.347126585564922,32.035303592495396,106.99267785036449,0,0
298,790447219.1843287,2025-01-18 04:39:09.999908+00:00,42236.69317726193,0.0011814308645538736,0.9215367483243907,5.348985445033943,32.067254893208,111.12292267055868,0,0
299,790448219.1843287,2025-01-18 04:55:49.999907+00:00,42236.73622029016,0.001179019652146764,0.921498117471508,5.35065080102557,32.06958604450088,115.2823168738716,0,0
300,790449219.1843287,2025-01-18 05:12:29.999907+00:00,42236.75669059536,0.0011769157738636482,0.9214584098242322,5.352109547899125,32.04200611911484,119.4711853265585,0,0
301,790450219.1843287,2025-01-18 05:29:09.999907+00:00,42236.75381182907,0.0011751696724680628,0.921418147935101,5.353353248317119,31.984869032582356,123.68920664258981,0,0
302,790451219.1843287,2025-01-18 05:45:49.999906+00:00,42236.72736763874,0.001173826645213251,0.9213778697190789,5.354378381957351,31.899177853318157,127.93540856457916,0,0
303,790452219.1843287,2025-01-18 06:02:29.999906+00:00,42236.677725120935,0.0011729244760485015,0.9213381154152391,5.355186465708571,31.78655426781324,132.208198304612,0,0
304,790453219.1843287,2025-01-18 06:19:09.999906+00:00,42236.605839618234,0.001172491320418427,0.9212994142998194,5.355784037628725,31.64917289669509,136.50542815535084,0,0
305,790454219.1843287,2025-01-18 06:35:49.999905+00:00,42236.51323980184,0.0011725440042068928,0.9212622715665446,5.3561825019844544,31.489663223017196,140.82449361111495,0,0
306,790455219.1843287,2025-01-18 06:52:29.999905+00:00,42236.40199296779,0.0011730868782603124,0.9212271557922598,5.356397838105874,31.310984981533288,145.16245814586586,0,0
307,790456219.1843287,2025-01-18 07:09:09.999905+00:00,42236.27465149527,0.001174111334329225,0.9211944874075892,5.356450181254104,31.116285541213905,149.51619610622225,0,0
308,790457219.1843287,2025-01-18 07:25:49.999904+00:00,42236.13418239839,0.0011755960400214585,0.9211646285349674,5.356363288823922,30.908749699182838,153.88254328683152,0,0
309,790458219.1843287,2025-01-18 07:42:29.999904+00:00,42235.98388276277,0.0011775078944980784,0.9211378745150631,5.35616390965404,30.691453098729202,158.25844395684024,0,0
310,790459219.1843287,2025-01-18 07:59:09.999904+00:00,42235.827284536455,0.0011798036493216868,0.9211144473639465,5.355881077717958,30.467230070165794,162.64108351701557,0,0
311,790460219.1843287,2025-01-18 08:15:49.999903+00:00,42235.66805259288,0.0011824320866133933,0.9210944913312077,5.35554535381346,30.238565145870183,167.0279975126301,0,0
312,790461219.1843287,2025-01-18 08:32:29.999903+00:00,42235.509880179605,0.001185336605102661,0.9210780706435013,5.355188039997916,30.007515073019746,171.4171501544372,0,0
313,790462219.1843287,2025-01-18 08:49:09.999903+00:00,42235.35638581494,0.0011884580377109397,0.9210651694210463,5.354840391422011,29.775665206645282,175.80697844155745,0,0
314,790463219.1843287,2025-01-18 09:05:49.999902+00:00,42235.211015415065,0.0011917375137674446,0.9210556937062779,5.354532849040768,29.54412111480086,180.1964010326108,0,0
315,790464219.1843287,2025-01-18 09:22:29.999902+00:00,42235.07695297216,0.001195119184369318,0.921049475447207,5.354294314577449,29.313533428213606,184.58479381343986,0,0
316,790465219.1843287,2025-01-18 09:39:09.999902+00:00,42234.95704250389,0.0011985526486278746,0.9210462782463464,5.3541514863440876,29.084151680839803,188.9719363988563,0,0
317,790466219.1843287,2025-01-18 09:55:49.999901+00:00,42234.85372331831,0.0012019949481351451,0.9210458046287102,5.35412827128868,28.855901257099614,193.35793544016423,0,0
318,790467219.1843287,2025-01-18 10:12:29.999901+00:00,42234.76897993109,0.001205412033221128,0.9210477045643214,5.354245285198708,28.62847660990001,197.7431315654808,0,0
319,790468219.1843287,2025-01-18 10:29:09.999901+00:00,42234.70430728661,0.0012087796436452195,0.9210515849678693,5.354519449531857,28.401443578768646,202.1279971184011,0,0
320,790469219.1843287,2025-01-18 10:45:49.999900+00:00,42234.66069130327,0.001212083585193773,0.921057019874785,5.354963690024769,28.174343804937628,206.51303169642478,0,0
321,790470219.1843287,2025-01-18 11:02:29.999900+00:00,42234.63860421343,0.001215319419765949,0.9210635610354604,5.355586739177356,27.946794782671056,210.8986619512107,0,0
322,790471219.1843287,2025-01-18 11:19:09.999900+00:00,42234.63801371673,0.0012184916182309837,0.9210707486342965,5.356393041982931,27.718579886292183,215.2851513152576,0,0
323,790472219.1843287,2025-01-18 11:35:49.999900+00:00,42234.6584046144,0.0012216122515946706,0.9210781219066296,5.357382761907515,27.489723680922175,219.67252435331366,0,0
324,790473219.1843287,2025-01-18 11:52:29.999899+00:00,42234.698811342925,0.001224699316238024,0.9210852294082708,5.358551882133407,27.260548901545096,224.06050936206512,0,0
325,790474219.1843287,2025-01-18 12:09:09.999899+00:00,42234.75785966898,0.0012277748028806602,0.9210916387409884,5.3598923954298066,27.03171262958126,228.44850169852904,0,0
326,790475219.1843287,2025-01-18 12:25:49.999899+00:00,42234.83381573232,0.0012308626264602406,0.9210969455541648,5.361392574689897,26.80422038550991,232.83554912931305,0,0
327,790476219.1843287,2025-01-18 12:42:29.999898+00:00,42234.924640617945,0.0012339865353275944,0.921100781665251,5.363037315132961,26.579418061347006,237.22035928842004,0,0
328,790477219.1843287,2025-01-18 12:59:09.999898+00:00,42235.0280486885,0.001237168113265737,0.9211028221730907,5.364808538374077,26.358962803045024,241.60132814552742,0,0
329,790478219.1843287,2025-01-18 13:15:49.999898+00:00,42235.141568001156,0.0012404249772661768,0.9211027914620191,5.366685647982033,26.144775070632342,245.97658726920514,0,0
330,790479219.1843287,2025-01-18 13:32:29.999897+00:00,42235.2626012572,0.0012437692583680763,0.9211004680112871,5.368646025755571,25.938975089908812,250.34406668363087,0,0
331,790480219.1843287,2025-01-18 13:49:09.999897+00:00,42235.38848587984,0.0012472064331403702,0.9210956879650664,5.370665557719847,25.743807696059278,254.7015693307339,0,0
332,790481219.1843287,2025-01-18 14:05:49.999897+00:00,42235.516551974826,0.0012507345507922693,0.9210883474217259,5.372719178769098,25.561560095574528,259.04685262344924,0,0
333,790482219.1843287,2025-01-18 14:22:29.999896+00:00,42235.64417709713,0.0012543438768797199,0.9210784034400697,5.374781424950493,25.394477290760946,263.3777123575078,0,0
334,790483219.1843287,2025-01-18 14:39:09.999896+00:00,42235.768836915886,0.001258016950733374,0.9210658737754489,5.37682698258165,25.24467980682268,267.69206435299475,0,0
335,790484219.1843287,2025-01-18 14:55:49.999896+00:00,42235.88815103812,0.0012617290316087645,0.9210508353766194,5.378831223739427,25.114087947541876,271.98801961025885,0,0
336,790485219.1843287,2025-01-18 15:12:29.999895+00:00,42235.999923416675,0.0012654488895280068,0.9210334217032832,5.3807707181193996,25.00435613058996,276.26394943901346,0,0
337,790486219.1843287,2025-01-18 15:29:09.999895+00:00,42236.10217692385,0.0012691398818934214,0.9210138189390689,5.382623711870584,24.916819991991996,280.5185378801406,0,0
338,790487219.1843287,2025-01-18 15:45:49.999895+00:00,42236.19318182246,0.0012727612468326614,0.9209922611840371,5.384370564741013,24.852457987516168,284.75081970049644,0,0
339,790488219.1843287,2025-01-18 16:02:29.999894+00:00,42236.27147800623,0.0012762695390683464,0.9209690247518281,5.385994137722148,24.811868248341213,288.96020321037537,0,0
340,790489219.1843287,2025-01-18 16:19:09.999894+00:00,42236.33589101032,0.0012796201336443707,0.9209444216810833,5.387480124358684,24.795260550096916,293.1464780503821,0,0
341,790490219.1843287,2025-01-18 16:35:49.999894+00:00,42236.385541912045,0.0012827687264990403,0.920918792604403,5.388817319972422,24.802462489277882,297.30980885829956,0,0
342,790491219.1843287,2025-01-18 16:52:29.999893+00:00,42236.41985134861,0.0012856727678516341,0.9208924991233234,5.389997824232728,24.832938366426845,301.45071631981585,0,0
343,790492219.1843287,2025-01-18 17:09:09.999893+00:00,42236.43853797165,0.0012882927736929497,0.9208659158430641,5.39101717376699,24.885818869139342,305.570047511923,0,0
344,790493219.1843287,2025-01-18 17:25:49.999893+00:00,42236.441611740396,0.001290593471463095,0.920839422228879,5.39187440283537,24.959939417065033,309.66893767723855,0,0
345,790494219.1843287,2025-01-18 17:42:29.999892+00:00,42236.42936252254,0.0012925447473682821,0.920813394442094,5.392572031457718,25.053884959044456,313.74876563808067,0,0
346,790495219.1843287,2025-01-18 17:59:09.999892+00:00,42236.402344523325,0.0012941223740327485,0.9207881973323415,5.393115981772254,25.16603906523087,317.8111050049563,0,0
347,790496219.1843287,2025-01-18 18:15:49.999892+00:00,42236.361357104455,0.001295308507803442,0.9207641767247191,5.393515424782192,25.294635298469334,321.8576731912626,0,0
348,790497219.1843287,2025-01-18 18:32:29.999891+00:00,42236.3074225772,0.0012960919545825821,0.9207416521764273,5.393782560994716,25.43780904912713,325.89028004469975,0,0
349,790498219.1843287,2025-01-18 18:49:09.999891+00:00,42236.2417615649,0.001296468211398339,0.9207209103265475,5.393932339742987,25.593648244490584,329.91077767766023,0,0
350,790499219.1843287,2025-01-18 19:05:49.999891+00:00,42236.165766525715,0.0012964392979006834,0.9207021989880712,5.393982123179623,25.760241577406596,333.92101284408994,0,0
351,790500219.1843287,2025-01-18 19:22:29.999890+00:00,42236.08097400985,0.0012960133976023976,0.9206857220806949,5.393951302019865,25.935723123070385,337.92278298500906,0,0
352,790501219.1843287,2025-01-18 19:39:09.999890+00:00,42235.989036195555,0.001295204333021212,0.9206716355183338,5.393860871062848,26.11831241977125,341.9177968570392,0,0
353,790502219.1843287,2025-01-18 19:55:49.999890+00:00,42235.89169220678,0.0012940309020026092,0.9206600441232996,5.3937329733147115,26.306349275703788,345.90764047121127,0,0
354,790503219.1843287,2025-01-18 20:12:29.999889+00:00,42235.790739664764,0.0012925161045425227,0.9206509996275016,5.393590422158384,26.498322730019005,349.89374890268243,0,0
355,790504219.1843287,2025-01-18 20:29:09.999889+00:00,42235.688006866796,0.00129068629049033,0.9206444998014797,5.393456211445996,26.692893746323588,353.87738438156316,0,0
356,790505219.1843287,2025-01-18 20:45:49.999889+00:00,42235.58532591915,0.0012885702586784731,0.9206404887194427,5.3933530236261,26.888911354722694,357.85962093698214,0,0
357,790506219.1843287,2025-01-18 21:02:29.999889+00:00,42235.484507082314,0.0012861983374536502,0.9206388581627454,5.393302746047125,27.085422089397998,1.8413357356445663,0,0
358,790507219.1843287,2025-01-18 21:19:09.999888+00:00,42235.387314514985,0.0012836014753221587,0.9206394501193075,5.3933260054054815,27.281672696184287,5.8232071289021805,0,0
359,790508219.1843287,2025-01-18 21:35:49.999888+00:00,42235.29544353318,0.0012808103685909445,0.9206420603327433,5.3934417299344695,27.47710621146579,9.805719295916587,0,0
360,790509219.1843287,2025-01-18 21:52:29.999888+00:00,42235.21049943457,0.0012778546505877628,0.9206464428286925,5.3936667483633665,27.67135164101684,13.789173243850925,0,0
361,790510219.1843287,2025-01-18 22:09:09.999887+00:00,42235.133977877646,0.001274762164343453,0.9206523153160546,5.394015433935173,27.864207594482554,17.773703799734715,0,0
362,790511219.1843287,2025-01-18 22:25:49.999887+00:00,42235.06724675613,0.0012715583376653196,0.9206593653607735,5.394499400860766,28.05562035684926,21.759302103995843,0,0
363,790512219.1843287,2025-01-18 22:42:29.999887+00:00,42235.01152947015,0.0012682656763546892,0.9206672572017223,5.395127259542083,28.245656999701612,25.745842995321308,0,0
364,790513219.1843287,2025-01-18 22:59:09.999886+00:00,42234.96788947359,0.0012649033880738462,0.9206756390616622,5.395904435718443,28.43447424975988,29.733116563065376,0,0
365,790514219.1843287,2025-01-18 23:15:49.999886+00:00,42234.93721597198,0.001261487146087132,0.9206841508162638,5.396833057423745,28.62228393855298,33.72086303841876,0,0
366,790515219.1843287,2025-01-18 23:32:29.999886+00:00,42234.92021065898,0.0012580289988391863,0.9206924318482856,5.397911912296318,28.809315952124013,37.70881010194708,0,0
367,790516219.1843287,2025-01-18 23:49:09.999885+00:00,42234.91737541638,0.0012545374281586587,0.920700128930817,5.39913647638509,28.995779685165182,41.69671160109745,0,0
368,790517219.1843287,2025-01-19 00:05:49.999885+00:00,42234.929000958444,0.0012510175557164797,0.9207069039745541,5.400499014176318,29.181825077904964,45.68438659887415,0,0
369,790518219.1843287,2025-01-19 00:22:29.999885+00:00,42234.95515647987,0.001247471494235169,0.9207124414718928,5.401988748138715,29.36750437952336,49.67175761096587,0,0
370,790519219.1843287,2025-01-19 00:39:09.999884+00:00,42234.99568046602,0.0012438988367560035,0.9207164554782846,5.403592094681927,29.552735840282427,53.658886831725276,0,0
371,790520219.1843287,2025-01-19 00:55:49.999884+00:00,42235.050172935,0.0012402972738640113,0.9207186959860768,5.405292962048532,29.737270583953052,57.646009101501306,0,0
372,790521219.1843287,2025-01-19 01:12:29.999884+00:00,42235.11798950971,0.001236663325152858,0.9207189545310847,5.407073104358846,29.920663956853844,61.633560324540134,0,0
373,790522219.1843287,2025-01-19 01:29:09.999883+00:00,42235.19823784267,0.0012329931671233485,0.920717068924812,5.408912524783607,30.102252679175866,65.62220001868803,0,0
374,790523219.1843287,2025-01-19 01:45:49.999883+00:00,42235.289777042795,0.001229283535242529,0.9207129269794698,5.410789919687553,30.281139139490534,69.61282666419879,0,0
375,790524219.1843287,2025-01-19 02:02:29.999883+00:00,42235.39122085613,0.0012255326728894279,0.9207064691403555,5.412683154548738,30.456184154694476,73.60658453877161,0,0
376,790525219.1843287,2025-01-19 02:19:09.999882+00:00,42235.50094542976,0.0012217412945745097,0.9206976899487261,5.414569761564638,30.626009456368013,77.60486078827147,0,0
377,790526219.1843287,2025-01-19 02:35:49.999882+00:00,42235.617102517455,0.0012179135252762309,0.9206866382806901,5.416427448108937,30.78901103558177,81.60927161241574,0,0
378,790527219.1843287,2025-01-19 02:52:29.999882+00:00,42235.73763895683,0.0012140577723700123,0.920673416341893,5.418234604635939,30.943384259734373,85.62163666385891,0,0
379,790528219.1843287,2025-01-19 03:09:09.999881+00:00,42235.86032314457,0.001210187481941284,0.9206581774173678,5.419970800272838,31.087161342451616,89.6439410921311,0,0
380,790529219.1843287,2025-01-19 03:25:49.999881+00:00,42235.982779049584,0.001206321727948622,0.920641122403447,5.421617254225513,31.218261277717676,93.67828513394912,0,0
381,790530219.1843287,2025-01-19 03:42:29.999881+00:00,42236.10252802663,0.0012024855815467043,0.9206224951936262,5.423157271280046,31.334551727623825,97.72682177309684,0,0
382,790531219.1843287,2025-01-19 03:59:09.999880+00:00,42236.21703832466,0.001198710209812474,0.9206025770028243,5.4245766301597484,31.433921576781586,101.79168376895377,0,0
383,790532219.1843287,2025-01-19 04:15:49.999880+00:00,42236.32378173739,0.0011950326590373203,0.9205816797595855,5.4258639143070635,31.514361955845672,105.87490226250765,0,0
384,790533219.1843287,2025-01-19 04:32:29.999880+00:00,42236.42029633441,0.0011914952884365929,0.9205601387179521,5.427010775840032,31.574052538001734,109.9783201660214,0,0
385,790534219.1843287,2025-01-19 04:49:09.999879+00:00,42236.50425367266,0.001188144836079561,0.9205383044721106,5.428012124974204,31.611448906254378,114.10350454686821,0,0
386,790535219.1843287,2025-01-19 05:05:49.999879+00:00,42236.57352835786,0.0011850311200429496,0.9205165345776357,5.428866239112213,31.625365890264426,118.25166311305699,0,0
387,790536219.1843287,2025-01-19 05:22:29.999879+00:00,42236.62626735387,0.0011822054035561997,0.9204951849984013,5.429574788011181,31.615051123469964,122.42357055354775,0,0
388,790537219.1843287,2025-01-19 05:39:09.999879+00:00,42236.66095607287,0.0011797184817379258,0.9204746016115041,5.430142773913554,31.580242829257497,126.61951072570882,0,0
389,790538219.1843287,2025-01-19 05:55:49.999878+00:00,42236.676478071124,0.001177618577026694,0.9204551120023774,5.430578388142628,31.521206155315102,130.83924036901743,0,0
390,790539219.1843287,2025-01-19 06:12:29.999878+00:00,42236.672165164026,0.0011759491574446553,0.9204370177824849,5.430892788317986,31.43874333827425,135.0819790582116,0,0
391,790540219.1843287,2025-01-19 06:29:09.999878+00:00,42236.647834985044,0.0011747468128076725,0.9204205876225556,5.4310998029021675,31.33417461883816,139.3464284682169,0,0
392,790541219.1843287,2025-01-19 06:45:49.999877+00:00,42236.60381345418,0.0011740393352951597,0.9204060512114817,5.431215572089002,31.209289058242348,143.63082179001265,0,0
393,790542219.1843287,2025-01-19 07:02:29.999877+00:00,42236.540940272724,0.0011738441495488595,0.9203935942686858,5.431258135991775,31.066267027169612,147.93300151425055,0,0
394,790543219.1843287,2025-01-19 07:19:09.999877+00:00,42236.46055638654,0.0011741672219909819,0.9203833547373725,5.431246982530488,30.907578849833527,152.2505210863324,0,0
395,790544219.1843287,2025-01-19 07:35:49.999876+00:00,42236.36447329729,0.0011750025495743995,0.9203754202349169,5.431202568327153,30.735866524780878,156.58076349694184,0,0
396,790545219.1843287,2025-01-19 07:52:29.999876+00:00,42236.25492507819,0.0011763322868606316,0.9203698267787093,5.431145826227114,30.553817257743574,160.92106805805557,0,0
397,790546219.1843287,2025-01-19 08:09:09.999876+00:00,42236.1345048894,0.0011781275212442168,0.9203665587873873,5.431097672815123,30.3640384520136,165.26885570477867,0,0
398,790547219.1843287,2025-01-19 08:25:49.999875+00:00,42236.0060886111,0.001180349654626083,0.9203655503025602,5.431078528542621,30.16894366770212,169.62174329852581,0,0
399,790548219.1843287,2025-01-19 08:42:29.999875+00:00,42235.872748859394,0.0011829523016567644,0.9203666873545491,5.43110786190298,29.97065790907175,173.97763856078225,0,0
400,790549219.1843287,2025-01-19 08:59:09.999875+00:00,42235.73766307334,0.0011858835751067391,0.9203698113618393,5.431203767635822,29.770948612541456,178.33480925516403,0,0
401,790550219.1843287,2025-01-19 09:15:49.999874+00:00,42235.60401954374,0.0011890886018685004,0.9203747234403326,5.43138258729145,29.571186186930447,182.69192275863549,0,0
402,790551219.1843287,2025-01-19 09:32:29.999874+00:00,42235.47492519405,0.0011925121007036533,0.9203811894837267,5.431658578789179,29.372335249770455,187.04805487263172,0,0
403,790552219.1843287,2025-01-19 09:49:09.999874+00:00,42235.353318645815,0.0011961008552500865,0.920388945870371,5.432043639943641,29.17497514095484,191.402669289529,0,0
404,790553219.1843287,2025-01-19 10:05:49.999873+00:00,42235.24189164412,0.001199805931422951,0.9203977056511291,5.432547089376909,28.979346135195875,195.75557129164415,0,0
405,790554219.1843287,2025-01-19 10:22:29.999873+00:00,42235.14302133439,0.001203584514371787,0.9204071650684826,5.433175506847113,28.785416176786853,200.10684085970067,0,0
406,790555219.1843287,2025-01-19 10:39:09.999873+00:00,42235.05871521923,0.0012074012732299418,0.9204170102765811,5.433932633793829,28.592961978601558,204.45675135076408,0,0
407,790556219.1843287,2025-01-19 10:55:49.999872+00:00,42234.99056994061,0.0012112291984073247,0.9204269241237449,5.434819333853099,28.40165793338315,208.805680300821,0,0
408,790557219.1843287,2025-01-19 11:12:29.999872+00:00,42234.93974436859,0.001215049893056582,0.9204365928673689,5.435833612182669,28.211166394469636,213.1540187991302,0,0
409,790558219.1843287,2025-01-19 11:29:09.999872+00:00,42234.90694687184,0.0012188533349522714,0.9204457127130948,5.436970691649617,28.021223386682106,217.50208537875957,0,0
410,790559219.1843287,2025-01-19 11:45:49.999871+00:00,42234.89243612195,0.0012226371554548995,0.9204539960556032,5.438223143228445,27.831714596260078,221.85004958026815,0,0
411,790560219.1843287,2025-01-19 12:02:29.999871+00:00,42234.89603435717,0.0012264055072342154,0.9204611773258198,5.439581067303267,27.642737468887955,226.19786936591598,0,0
412,790561219.1843287,2025-01-19 12:19:09.999871+00:00,42234.91715170786,0.0012301676112045125,0.9204670183407186,5.4410323219530214,27.45464634118284,230.5452454659483,0,0
413,790562219.1843287,2025-01-19 12:35:49.999870+00:00,42234.95481996415,0.0012339360853581473,0.9204713130761313,5.44256279370465,27.26807868841032,234.89159458152696,0,0
414,790563219.1843287,2025-01-19 12:52:29.999870+00:00,42235.00773403571,0.0012377251638424382,0.9204738917659709,5.444156705647856,27.083961743243517,239.2360421971971,0,0
415,790564219.1843287,2025-01-19 13:09:09.999870+00:00,42235.074299306885,0.0012415489139113757,0.9204746242792068,5.445796957250362,26.903499884598663,243.57743461187542,0,0
416,790565219.1843287,2025-01-19 13:25:49.999869+00:00,42235.152683110406,0.001245419551768989,0.9204734226902306,5.447465489677066,26.728144266994533,247.91436872619093,0,0
417,790566219.1843287,2025-01-19 13:42:29.999869+00:00,42235.240868618996,0.0012493459464738715,0.920470243014429,5.449143669930288,26.559547109971593,252.24523717511886,0,0
418,790567219.1843287,2025-01-19 13:59:09.999869+00:00,42235.33670957157,0.0012533323849143135,0.9204650860557226,5.450812686712855,26.399503842526777,256.5682856195485,0,0
419,790568219.1843287,2025-01-19 14:15:49.999869+00:00,42235.43798439939,0.0012573776515248621,0.920457997360235,5.452453950584014,26.249886850822715,260.88167845715407,0,0
420,790569219.1843287,2025-01-19 14:32:29.999868+00:00,42235.54244848403,0.0012614744552296275,0.9204490662574569,5.454049490761423,26.112574875043144,265.1835689152504,0,0
421,790570219.1843287,2025-01-19 14:49:09.999868+00:00,42235.6478834603,0.0012656092144537833,0.9204384240109241,5.45558234081523,25.989382121850714,269.47216946753326,0,0
422,790571219.1843287,2025-01-19 15:05:49.999868+00:00,42235.752142659396,0.001269762190386829,0.9204262410951712,5.457036905559567,25.88199091457857,273.7458187606076,0,0
423,790572219.1843287,2025-01-19 15:22:29.999867+00:00,42235.8531919721,0.001273907940251812,0.9204127236524464,5.458399301629551,25.791891221003393,278.00304171802503,0,0
424,790573219.1843287,2025-01-19 15:39:09.999867+00:00,42235.949145589715,0.0012780160471878728,0.9203981091901354,5.459657664593884,25.720329733775397,282.24260015371783,0,0
425,790574219.1843287,2025-01-19 15:55:49.999867+00:00,42236.038296250415,0.001282052072185983,0.920382661591687,5.4608024159581525,25.66827039967348,286.46353200487977,0,0
426,790575219.1843287,2025-01-19 16:12:29.999866+00:00,42236.11913977842,0.001285978666647046,0.9203666655399798,5.461826484087162,25.636367472247912,290.66517811506003,0,0
427,790576219.1843287,2025-01-19 16:29:09.999866+00:00,42236.190393851626,0.0012897567815360696,0.9203504204608247,5.462725473881553,25.624951368340767,294.8471962913034,0,0
428,790577219.1843287,2025-01-19 16:45:49.999866+00:00,42236.251011066066,0.001293346910392978,0.9203342341038846,5.46349778099825,25.634026902046415,299.00956306496374,0,0
429,790578219.1843287,2025-01-19 17:02:29.999865+00:00,42236.30018648652,0.0012967103080542483,0.92031841589108,5.464144647462557,25.66328288668255,303.15256416758996,0,0
430,790579219.1843287,2025-01-19 17:19:09.999865+00:00,42236.337359976045,0.0012998101340484164,0.9203032701694086,5.464670156688073,25.712111663346576,307.2767751639766,0,0
431,790580219.1843287,2025-01-19 17:35:49.999865+00:00,42236.36221368652,0.0013026124784757977,0.9202890895092186,5.4650811671506485,25.77963683373904,311.3830339640068,0,0
432,790581219.1843287,2025-01-19 17:52:29.999864+00:00,42236.37466516519,0.001305087237950659,0.920276148196236,5.465387185248421,25.864747337924467,315.47240707054397,0,0
433,790582219.1843287,2025-01-19 18:09:09.999864+00:00,42236.37485658843,0.001307208819203798,0.9202646960455835,5.465600179179684,25.96613600273304,319.5461514342104,0,0
434,790583219.1843287,2025-01-19 18:25:49.999864+00:00,42236.36314067528,0.0013089566576234516,0.9202549526930615,5.465734336964348,26.082340768156904,323.6056737028799,0,0
435,790584219.1843287,2025-01-19 18:42:29.999863+00:00,42236.34006385713,0.0013103155469144996,0.9202471024754596,5.465805772985556,26.211786950354927,327.65248850114864,0,0
436,790585219.1843287,2025-01-19 18:59:09.999863+00:00,42236.30634728992,0.0013112757839114782,0.9202412900350724,5.4658321886167895,26.352829094480544,331.6881771792255,0,0
437,790586219.1843287,2025-01-19 19:15:49.999863+00:00,42236.2628662879,0.0013118331391489338,0.920237616741586,5.46583249358562,26.503791188224966,335.71434825189505,0,0
438,790587219.1843287,2025-01-19 19:32:29.999862+00:00,42236.21062873944,0.001311988669084108,0.9202361380307874,5.465826395695683,26.663004228232698,339.7326005259625,0,0
439,790588219.1843287,2025-01-19 19:49:09.999862+00:00,42236.15075303009,0.0013117483897756598,0.9202368617257827,5.465833967345735,26.828840347264805,343.7444896980492,0,0
440,790589219.1843287,2025-01-19 20:05:49.999862+00:00,42236.08444595473,0.0013111228345242542,0.9202397474003382,5.465875197947641,26.999742908940625,347.751499005009,0,0
441,790590219.1843287,2025-01-19 20:22:29.999861+00:00,42236.01298104252,0.0013101265194411633,0.9202447068089629,5.4659695418118,27.174252157725828,351.7550143279378,0,0
442,790591219.1843287,2025-01-19 20:39:09.999861+00:00,42235.9376776559,0.0013087773413946856,0.920251605392734,5.466135471349835,27.351026169637596,355.75630399269926,0,0
443,790592219.1843287,2025-01-19 20:55:49.999861+00:00,42235.8598811521,0.0013070959323168983,0.9202602648594359,5.466390045517061,27.528856986181655,359.7565033727982,0,0
444,790593219.1843287,2025-01-19 21:12:29.999860+00:00,42235.78094432006,0.0013051049926566308,0.9202704667754393,5.466748503285033,27.70668192902813,3.756604285598137,0,0
445,790594219.1843287,2025-01-19 21:29:09.999860+00:00,42235.70221022765,0.00130282862499302,0.920281957139142,5.467223891591447,27.88359018827001,7.757449077983132,0,0
446,790595219.1843287,2025-01-19 21:45:49.999860+00:00,42235.62499653555,0.0013002916866264598,0.9202944518284905,5.467826736668954,28.058824853208055,11.75972922192844,0,0
447,790596219.1843287,2025-01-19 22:02:29.999859+00:00,42235.550581258925,0.0012975191775183854,0.9203076428352998,5.468564766918681,28.231780613834214,15.763988182162826,0,0
448,790597219.1843287,2025-01-19 22:19:09.999859+00:00,42235.4801898885,0.0012945356774383184,0.9203212051555596,5.469442694569219,28.40199740464441,19.77062827548767,0,0
449,790598219.1843287,2025-01-19 22:35:49.999859+00:00,42235.414983720715,0.0012913648437037238,0.9203348042006486,5.470462062274773,28.569150292579845,23.77992121236341,0,0
450,790599219.1843287,2025-01-19 22:52:29.999858+00:00,42235.35604919651,0.0012880289786469067,0.920348103573121,5.471621159560718,28.73303593135804,27.792021992190136,0,0
451,790600219.1843287,2025-01-19 23:09:09.999858+00:00,42235.30438801034,0.0012845486739513857,0.9203607730382206,5.472915012663252,28.893555917432966,31.806985812167238,0,0
452,790601219.1843287,2025-01-19 23:25:49.999858+00:00,42235.260907731725,0.0012809425374097948,0.9203724965200731,5.4743354498155865,29.050697395197595,35.82478763879747,0,0
453,790602219.1843287,2025-01-19 23:42:29.999858+00:00,42235.22641267711,0.0012772270063719192,0.9203829799322869,5.4758712424725555,29.204511273165465,39.84534407862139,0,0
454,790603219.1843287,2025-01-19 23:59:09.999857+00:00,42235.20159478908,0.00127341625125493,0.9203919586659172,5.477508321320532,29.355088436980484,43.86853716237933,0,0
455,790604219.1843287,2025-01-20 00:15:49.999857+00:00,42235.18702431871,0.0012695221717921076,0.9203992045448176,5.479230064241012,29.50253438276815,47.89423962090805,0,0
456,790605219.1843287,2025-01-20 00:32:29.999857+00:00,42235.18314016798,0.0012655544881084223,0.9204045320695712,5.4810176516905456,29.646942750127156,51.9223411770969,0,0
457,790606219.1843287,2025-01-20 00:49:09.999856+00:00,42235.19023983438,0.0012615209280416302,0.9204078037791457,5.482850483259354,29.78836831211009,55.952775301993576,0,0
458,790607219.1843287,2025-01-20 01:05:49.999856+00:00,42235.20846900369,0.0012574275111467675,0.9204089345669142,5.484706647504294,29.926800078340957,59.98554578614246,0,0
